customer_id,name,email,state,created_at
C094E269,José Siqueira,elopes@example.com,RJ,2024-01-27 06:38:31
42AC423A,Dr. Joaquim da Luz,ravysilva@example.net,SP,2025-11-02 22:39:15
E57E3430,Antonella da Paz,zdias@example.com,BA,2025-07-08 13:36:58
CFABBC4C,André da Rocha,joaquimpinto@example.net,RS,2025-06-25 15:37:44
9A4FB91A,Srta. Luísa Costela,lsouza@example.net,RS,2024-01-10 14:46:25
916B5F05,Allana da Rocha,maraujo@example.net,MG,2024-02-16 00:14:43
028A8FF0,Ana Vitória da Paz,arthurfarias@example.net,RJ,2025-05-05 00:23:11
9117EBD0,Alícia das Neves,vitoria18@example.com,PE,2023-05-03 20:39:25
57D66F9D,Ana Cecília Fonseca,vitorrocha@example.org,RJ,2025-10-05 19:42:42
EE12B193,Davi Lucas Mendonça,gael-henriquecirino@example.com,CE,2025-01-01 09:07:38
F7B73B72,Maria Isis Rodrigues,lopeslevi@example.com,SC,2023-12-05 03:45:16
CA06A020,Maria Costela,opimenta@example.org,SP,2024-11-02 09:31:48
CD097C3F,Ágatha Almeida,manuela02@example.com,SP,2023-10-16 22:10:33
3007BB3A,Stephany Sá,enzo-gabriel14@example.com,RJ,2024-07-10 09:13:04
8C4AA454,Cecilia Rocha,teixeiraeduardo@example.org,RS,2023-10-24 09:22:15
2B7A9377,Luna da Conceição,guerravinicius@example.net,RS,2024-03-11 03:27:44
8C89A6F2,Maria Flor Casa Grande,scamara@example.net,PE,2024-09-08 11:02:00
2DB6273C,Dr. Carlos Eduardo Novais,marcos-vinicius39@example.com,CE,2023-11-15 09:26:21
6FBCB9A7,Pietro Almeida,helenarezende@example.org,SP,2025-07-17 05:16:57
CE997F71,Sr. Pedro Lucas Santos,qcassiano@example.org,PE,2026-03-14 19:44:03
5222F9EB,Beatriz Barros,enricomontenegro@example.com,RS,2025-12-02 12:35:53
7DAB2886,Sarah Alves,camila05@example.com,PE,2026-01-16 04:33:38
AF3B2BF2,Pedro Miguel Teixeira,hvasconcelos@example.com,SC,2024-04-06 19:48:59
06979CB6,Luara Monteiro,amendonca@example.com,RS,2024-03-07 19:53:11
21C4E453,Srta. Milena Fonseca,maria-julia33@example.org,GO,2024-12-21 19:26:06
0D203B8E,Ana Oliveira,correianicole@example.org,CE,2024-02-02 12:15:03
5F5F655F,Eloá Araújo,gustavo-henrique86@example.net,BA,2023-12-26 21:19:48
862368AD,Srta. Manuella Brito,ramosjose-pedro@example.net,SP,2024-10-06 09:16:21
273A18D0,Lucas Aragão,lopesrafael@example.com,MG,2026-01-09 21:40:05
68219C50,Heloísa Teixeira,alvesthiago@example.com,SC,2025-03-23 06:22:41
7E589C44,Mirella Costela,garciaester@example.net,PR,2025-07-17 12:40:47
7A76FA0C,Vitor Hugo Garcia,ujesus@example.org,BA,2025-11-21 05:31:34
E910B784,Sara Brito,carlos-eduardo25@example.org,MG,2025-11-17 19:15:19
FAFB634B,Mathias Aragão,valentim14@example.net,RS,2024-09-10 13:46:53
27D0F547,Eduarda Melo,miguelcorreia@example.net,PR,2025-05-23 04:16:32
0294A51E,Lorena Castro,otavio77@example.net,RJ,2023-07-24 21:18:51
DC8FB1B6,Dr. Pietro Silva,juanferreira@example.net,RJ,2023-12-26 04:43:19
C13436C7,Carolina Porto,maria-luizapinto@example.com,SC,2026-04-05 19:30:40
FF7F7591,Luana Vieira,afogaca@example.com,RJ,2023-07-10 16:55:19
563F6736,Bento da Costa,almeidaayla@example.org,PR,2025-11-30 06:42:00
70715121,Benício Barbosa,joao59@example.com,PR,2023-08-30 08:53:17
9EB077C1,Isadora Santos,isaquecostela@example.org,CE,2023-07-20 19:24:05
BB95238A,Yan Melo,ianmoura@example.com,BA,2024-04-24 05:22:45
CE1E7CD2,Sra. Allana Novais,carolina34@example.com,SP,2026-01-28 05:05:40
52702392,Marcelo da Mata,moraesguilherme@example.com,GO,2025-04-17 00:46:38
CF11BDB2,Matteo Fonseca,ana-julia72@example.net,PE,2025-01-07 16:06:34
4ECB6F67,Melina Cunha,pnovaes@example.com,RJ,2023-07-18 01:30:41
7611AA98,Olivia Azevedo,ana-juliasilva@example.com,SC,2025-06-14 11:30:12
3B0887C2,Alícia Montenegro,maria-isisalbuquerque@example.org,RJ,2025-10-05 15:39:06
FDB8D7CB,Paulo Costela,laviniada-cunha@example.com,PE,2025-02-04 10:26:40
AD0D6FCD,Enzo Viana,brayan60@example.com,BA,2025-12-20 20:31:18
50B069B5,Bruna Pinto,fariashelena@example.com,CE,2024-12-06 20:03:08
336AAC3C,Luara Machado,kcorreia@example.org,PR,2023-04-15 19:37:54
B96A0DB3,Joana Jesus,benjamimbarros@example.com,CE,2024-05-23 23:06:34
80377B33,Juliana Almeida,qazevedo@example.org,RS,2024-01-11 05:58:35
128DD958,Valentim Pacheco,leonardo99@example.org,RJ,2025-05-02 02:12:57
5682934F,Dr. Théo Sales,ana26@example.com,SP,2024-09-06 03:25:53
096784AA,Dra. Evelyn Rocha,da-motamariane@example.org,RS,2023-06-14 00:31:00
0778F2B1,Ana Sophia Sá,ian56@example.com,BA,2025-03-21 12:18:27
CFFD34DD,Maria Julia Sousa,xjesus@example.org,RJ,2023-12-14 02:20:15
C9FF9439,Pedro Lucas Caldeira,pintotheodoro@example.com,RS,2023-11-18 02:21:16
877A1073,Alexandre Souza,da-costaenzo@example.net,RJ,2023-10-27 17:14:36
D663C064,Kaique Peixoto,montenegromaria-isis@example.com,SC,2023-04-29 05:25:03
562511CC,Elisa da Costa,maria-juliacamara@example.net,BA,2024-07-14 15:59:17
6F466889,Esther Novaes,barbara48@example.org,GO,2025-10-19 20:13:22
892B968E,Allana Vargas,fmartins@example.com,PR,2025-04-21 22:21:10
D1194174,Leandro Porto,ana-carolina97@example.org,MG,2025-09-11 02:00:45
AE10BF1B,Augusto Brito,fporto@example.com,PR,2025-10-08 12:38:43
12E15DCB,Arthur Gabriel Sousa,yuri07@example.com,PR,2025-09-28 02:05:15
CDFE8F01,Pedro Henrique Freitas,fcarvalho@example.org,RS,2024-08-09 22:36:29
AAC2DD51,Maria Laura Pereira,luiz-gustavo88@example.org,BA,2023-11-15 09:38:57
F5EF2D1E,Rael Borges,leaoeloa@example.com,RJ,2026-02-14 16:17:33
479B590F,Srta. Isis Duarte,joao-gabriel88@example.com,CE,2026-02-28 18:00:04
651D8E21,Dr. Felipe Monteiro,mariana49@example.net,MG,2023-04-28 01:48:40
1F062BEC,Gabriela Guerra,ucassiano@example.org,PE,2025-02-25 13:57:23
72959F25,Helena Oliveira,jcaldeira@example.net,RS,2025-02-10 13:33:55
255E5EFC,Sr. Matteo Fonseca,cavalcantilucca@example.org,MG,2025-08-18 12:46:53
BE5B5B83,Maria Júlia Peixoto,ygarcia@example.org,GO,2023-08-01 01:21:43
1FFA7A10,Pedro Miguel Siqueira,cbarros@example.org,SC,2025-04-02 00:42:26
CBD7F2E8,Srta. Isabela Monteiro,qmelo@example.com,BA,2025-03-20 20:15:17
082E8229,Lara Pereira,almeidasophie@example.net,PE,2025-04-12 10:14:23
BC4157D5,Liz Leão,davibarbosa@example.org,RS,2025-01-08 05:23:04
57F5C0F9,Valentim da Conceição,mabreu@example.org,PR,2025-04-12 09:51:28
0EFCB92F,Maria Flor Siqueira,lorenacunha@example.com,SP,2023-11-14 00:11:46
41E7A61E,Arthur Gabriel Costa,maria-fernandagoncalves@example.com,RS,2025-04-25 23:27:56
2B9D4E5C,Lorenzo Almeida,iancosta@example.org,SP,2024-02-15 00:27:20
3EA57151,Sara Macedo,vpereira@example.com,PR,2025-10-06 17:28:44
0D4534D8,Yuri Nascimento,jmelo@example.org,SC,2023-06-19 00:47:54
BE986001,Nicole Martins,pedro-lucasda-conceicao@example.net,BA,2025-10-26 07:42:29
16AB4380,Benjamim Aparecida,pastormateus@example.com,RJ,2023-08-28 09:53:28
CA415CBA,Vitor Hugo Gonçalves,cda-rosa@example.net,RS,2023-09-29 15:05:15
64A6CAF7,Pedro Lucas Monteiro,diogorodrigues@example.net,CE,2024-05-20 22:40:24
CF47F672,Erick Rios,vnunes@example.org,PR,2026-03-27 18:15:54
B41AAB85,Vicente Novais,vieiragabriela@example.net,RS,2025-03-17 10:38:24
1411608B,Maria Sophia Leão,rda-costa@example.net,GO,2026-01-07 04:00:52
485A97D3,Isabel Silveira,gustavo-henrique57@example.org,SC,2024-09-09 13:53:17
3EC6830C,Caleb Melo,estherda-costa@example.org,GO,2025-08-16 03:18:33
56C9CE49,Sr. Ryan da Costa,duarteliz@example.com,MG,2023-05-23 10:21:31
21185287,Alexia Azevedo,pedro-henriquevasconcelos@example.org,BA,2024-07-13 21:41:01
463B3DD9,Eloá das Neves,zcastro@example.net,MG,2025-10-07 23:51:46
5300749C,Mathias Nogueira,gdias@example.org,RS,2024-07-12 07:40:19
D23661B0,Lucas da Luz,lorenafarias@example.org,PE,2024-09-21 10:59:40
3DA97E52,Lorenzo Souza,ebrito@example.com,PE,2024-09-26 12:29:06
3ABC3A2F,Yasmin Abreu,fogacamaria-helena@example.net,BA,2023-06-11 00:14:10
A8612291,João Gabriel Moreira,mcassiano@example.org,CE,2023-04-29 15:40:35
59517829,Caroline Costela,cardosoanthony@example.org,SC,2024-04-28 01:49:33
584CF407,Nathan Cardoso,ana-livia05@example.net,CE,2025-02-12 20:19:44
015EA699,Srta. Emanuelly Vargas,luigi45@example.org,SC,2025-02-05 20:38:46
697DB7E2,Lunna Nascimento,souzamurilo@example.org,PR,2023-10-18 03:15:59
32C8FC4C,Sra. Ana Laura Cirino,wrios@example.org,RS,2025-10-17 12:24:12
17F68EA7,Igor Silva,sousamelina@example.com,MG,2025-05-28 08:30:47
BBBD4420,Luiz Fernando da Luz,zpimenta@example.com,PE,2026-02-18 22:04:12
3B535049,Vicente Cavalcanti,silvamatteo@example.org,GO,2023-07-06 06:24:05
FF0A5A5B,Dra. Alexia Gomes,juliasa@example.org,RJ,2023-05-06 15:49:31
877585DC,Bernardo Camargo,bsales@example.com,SP,2025-04-08 01:01:37
9B0EFB3D,Clarice Sousa,ofonseca@example.com,RJ,2023-09-28 06:31:50
2CB57FD3,Srta. Ana Beatriz Câmara,josue00@example.net,MG,2025-05-25 07:01:31
51918C1F,Giovanna Aragão,tpeixoto@example.org,MG,2025-01-16 01:19:19
6926CCCB,Vinícius Araújo,raquelmachado@example.net,SC,2024-04-25 18:31:03
F2117D49,Carlos Eduardo Garcia,ffonseca@example.org,CE,2025-11-16 17:04:38
413EF292,Luara Silva,campospedro@example.net,RJ,2023-09-11 18:41:42
AB0F8726,Pedro Pacheco,luiz-henrique15@example.com,SC,2024-02-17 02:19:17
FBC4EE3E,Valentina Cardoso,milena37@example.com,SC,2024-06-18 08:52:44
8AE9609A,Sr. Theodoro Rodrigues,aragaomaria@example.org,CE,2023-11-09 15:34:51
3C82421F,Maria Vitória Leão,larissa82@example.com,GO,2024-03-27 02:38:53
7F6F382A,Juliana da Rosa,cmonteiro@example.net,PE,2024-03-06 19:52:30
7BC5208F,Benjamin Guerra,brendacunha@example.net,BA,2023-12-27 14:00:54
BB6F191C,Lara Barbosa,goncalvesmaria-julia@example.com,PE,2023-06-01 16:00:10
06379B60,João Felipe Gonçalves,matteo16@example.com,SP,2023-12-15 12:52:22
D99981CC,Amanda Fernandes,agatha48@example.org,RJ,2025-01-17 14:35:59
83A300A1,Arthur Miguel Carvalho,da-cruzisabel@example.org,PE,2023-10-24 07:59:01
23862065,Larissa Sales,lunna37@example.com,BA,2023-08-15 09:37:56
E356CDB8,Luiz Felipe da Rosa,sophia25@example.com,PR,2024-05-27 22:30:43
ECB5764B,Marcelo Albuquerque,diasotto@example.net,RJ,2026-01-25 16:01:26
20D0FC8D,Alexandre Costela,bryan56@example.org,BA,2023-10-17 01:19:30
A7A25DB2,Valentim Camargo,joao-felipe67@example.org,SC,2023-08-31 02:45:05
D0D181D7,Mathias Porto,allana93@example.com,MG,2024-10-21 16:51:00
39CEC9BC,Sr. Enzo Dias,da-luzigor@example.com,GO,2023-04-16 02:35:43
C6583226,Kaique Fernandes,souzagael-henrique@example.org,SP,2025-02-08 16:39:15
DC5A37CF,Bianca da Costa,jose-pedro98@example.net,BA,2025-08-24 04:30:54
4CD45ACB,Maitê Novais,maria-fernanda65@example.net,PE,2024-04-30 16:10:07
2E2AD150,Ryan Garcia,viniciusalves@example.org,MG,2024-06-25 08:19:51
0B8E9B8A,Fernando Montenegro,zcirino@example.com,PE,2026-01-12 12:52:00
40EB5141,Ana Beatriz Mendonça,ana-liviasa@example.com,RJ,2025-01-08 14:00:05
7D8543DB,Sra. Aylla da Paz,das-nevesantonio@example.com,BA,2023-12-25 23:37:59
4640285E,Valentim Cardoso,brayan90@example.com,PE,2023-08-21 11:40:02
DB8C8F1B,Lucas Gabriel Garcia,eduarda45@example.org,CE,2025-10-05 06:49:14
3E94B79A,Vitor Gabriel Andrade,pintocamila@example.org,RS,2026-03-24 21:13:37
921EAB09,Ana Laura Carvalho,orios@example.org,MG,2025-07-14 00:09:43
17C4D471,Ísis Novais,luiz-otavio14@example.com,PR,2023-05-30 15:33:23
FA6C5C0C,Olivia Garcia,ian40@example.org,MG,2023-11-07 04:30:10
0673D70C,Sra. Maria Sophia Cardoso,emanuelly04@example.com,PE,2023-12-28 07:56:29
E40717C5,Diego Machado,iguerra@example.com,PE,2024-08-13 03:27:50
E2490FE1,Asafe das Neves,maysaguerra@example.org,SP,2025-11-24 18:17:02
4EBDA15F,Sra. Letícia Carvalho,nbrito@example.com,CE,2024-08-11 20:20:36
499BAB82,Caroline Araújo,valentim94@example.com,PR,2025-04-26 09:12:14
A22F714B,André Cunha,zoecosta@example.com,GO,2023-05-28 18:42:25
25DD5752,Theodoro Garcia,antoniocampos@example.org,SP,2024-09-17 09:58:55
E38876F9,Ana Clara Garcia,elisa45@example.com,RJ,2026-02-20 22:27:57
223594A7,Bryan Ferreira,luan28@example.org,PR,2025-03-04 04:33:09
CE7762CF,Luiz Henrique Cunha,rodrigo28@example.net,BA,2024-03-06 03:15:12
EAFE1B58,Manuela Ribeiro,gael11@example.org,RS,2023-05-28 21:33:24
3A6AA154,Maria Flor Souza,bryanda-conceicao@example.net,SP,2024-11-20 21:13:45
C14473A0,João Miguel Cavalcante,brunajesus@example.org,RS,2024-03-17 22:04:05
D39D8133,Bruno Moraes,sofia30@example.com,CE,2025-08-22 23:44:04
7CA2680F,Erick Farias,vianaravi@example.org,RJ,2024-07-30 23:51:01
226E032A,Dom Lopes,hfernandes@example.org,RJ,2023-10-16 02:12:03
E83E51A3,Lucas Rocha,jadeabreu@example.com,GO,2024-07-02 20:33:42
7F354D3C,Laís Pimenta,cunhamaria-eduarda@example.com,RJ,2024-04-22 11:51:01
DD4678AB,Srta. Larissa Fogaça,almeidaerick@example.net,PE,2024-09-11 02:04:06
AD764908,Luiz Felipe Farias,raquel09@example.net,MG,2024-11-22 15:28:52
0E1D7D3F,Sr. Davi Miguel Pereira,da-pazliz@example.org,MG,2024-03-10 00:01:38
792E72A7,Ana Liz Garcia,leosampaio@example.com,GO,2026-01-12 21:57:05
7883C99C,Cauã Sousa,joanacirino@example.com,PE,2024-03-02 23:11:44
3599A597,Davi Miguel Viana,ayla18@example.org,MG,2023-09-04 00:49:44
5DF3206E,Ester da Rocha,pastoresther@example.org,BA,2024-01-14 22:37:31
F8421EB1,Luiz Felipe Pinto,ferreiraluiz-otavio@example.com,PE,2023-08-03 14:32:04
9D8301B7,Benjamim Rios,leticia52@example.org,CE,2025-07-12 04:10:42
AD2C828B,Nicolas Dias,cassianoliz@example.org,SC,2023-05-21 21:13:43
11BDCFF7,Isabela da Luz,nicole59@example.net,RS,2023-04-26 11:32:14
6BBB5D7F,Felipe Costa,limaheloisa@example.org,PE,2023-04-14 19:14:00
134F4986,Asafe Macedo,epereira@example.net,RS,2025-08-06 20:29:48
C25D52DE,Davi Lucas Lima,cpinto@example.org,BA,2023-12-03 07:55:18
148593D7,Maria Sophia Borges,rafaela71@example.com,SC,2025-05-26 03:50:46
260DD025,Léo Freitas,macedoraquel@example.net,PR,2024-01-10 07:23:55
D21900E1,Luan Novais,amandamartins@example.net,GO,2023-05-03 23:40:59
6E37A182,Ana Carolina Pastor,barbara65@example.org,PE,2024-10-27 07:40:05
88B366F2,Sra. Isadora Carvalho,dcunha@example.net,GO,2025-02-06 05:19:59
C8E6A401,Sr. Dom Fogaça,ncosta@example.org,RJ,2024-08-23 13:03:46
F34BCF20,Lucas Vasconcelos,caldeiraayla@example.net,RS,2025-11-21 06:46:17
66C16993,Yasmin Dias,souzacaleb@example.org,RS,2023-05-27 20:41:17
82E5B2F7,Eloá Ramos,pda-mata@example.com,RJ,2025-02-22 12:56:13
44D088B0,Maria Clara Carvalho,ana-vitoriavargas@example.org,PR,2023-10-11 01:43:29
7E6766A6,Ana Carolina Carvalho,aparecidaluan@example.org,SP,2023-05-12 05:43:36
C514DAA4,Allana Monteiro,nina78@example.net,CE,2025-11-11 22:33:06
05058BDB,Manuela Nascimento,monteirojoao-miguel@example.net,PE,2025-02-03 08:34:17
E03DA8B9,Maria Helena Novais,rhavi47@example.org,RS,2025-02-20 01:03:34
1F235342,Rafaela Barbosa,ramospedro-henrique@example.org,CE,2025-01-29 18:33:27
62E83229,Dr. Brayan Alves,guilhermerezende@example.org,RS,2025-10-02 13:44:23
81E01C11,Esther Jesus,calebandrade@example.com,SP,2024-06-14 22:18:06
E0A8C8D1,Thomas Moraes,yago21@example.net,RJ,2025-02-23 16:13:59
FA212EE2,Marina Rezende,tvasconcelos@example.com,SP,2025-06-08 06:27:36
8ED46BC1,Sr. Murilo Câmara,yansilveira@example.net,RS,2023-10-10 18:11:04
FFCC8D88,Vicente Sampaio,camposgustavo-henrique@example.org,RJ,2025-05-06 10:24:11
55C07B81,Hellena da Cruz,lucas93@example.org,SP,2025-08-04 02:30:49
B3E89545,Emanuella Peixoto,npastor@example.com,PR,2024-01-09 15:32:40
DC79435A,Leonardo Cirino,goncalveslucas@example.org,RJ,2023-07-25 12:26:15
32434999,Eloá Alves,fsa@example.com,PE,2025-09-05 11:41:06
5F67090F,Maria Luiza Moreira,asouza@example.net,RS,2026-01-13 03:42:59
98D432F5,Enzo Gabriel Macedo,joao-pedro91@example.net,BA,2026-04-10 05:53:15
4A4129FA,Bruna das Neves,limanina@example.net,GO,2026-03-14 20:08:55
57F165B3,Gabrielly Nogueira,nogueiraaurora@example.net,RS,2023-07-04 06:38:05
E6E16F57,Lucas da Paz,ayllanunes@example.org,PE,2025-02-11 09:23:14
D73D8B03,Sr. Pedro Lucas Caldeira,luisaguerra@example.com,MG,2025-02-10 00:15:53
42B0C9C3,Luiz Otávio Moreira,emilly33@example.com,CE,2026-02-13 08:00:25
66552AF8,Vitória Borges,gabrielamacedo@example.com,CE,2024-01-08 13:05:33
C671C05D,Allana Pacheco,mendesmaria-vitoria@example.com,GO,2023-12-22 18:16:00
0D029D50,Vitória Moraes,teixeiraisadora@example.org,RS,2024-02-02 05:54:58
63D409E2,Dr. Arthur Miguel Marques,luna32@example.net,GO,2025-06-07 10:29:52
E9C5B7A0,Maria Cecília Garcia,isissales@example.net,SC,2023-10-20 14:19:36
DDBA139B,Bruna Almeida,henry23@example.net,RS,2024-10-26 06:28:15
108B5D79,Olivia da Luz,macedojoao-miguel@example.net,RJ,2024-03-30 05:54:27
2F3FB3E1,Theodoro Viana,isabelleao@example.com,RJ,2025-11-10 22:55:26
35A59DAD,Dr. Davi Lucas Camargo,onovaes@example.net,SC,2024-06-22 00:20:15
5C5FBDBB,Ryan Costela,rebeca89@example.net,PR,2026-03-17 00:35:40
21898D9A,Sr. Otávio Cavalcante,ana-juliacamara@example.net,SC,2024-08-08 08:30:06
49934CE0,Melissa Fogaça,melobarbara@example.net,SC,2024-10-18 04:55:15
C2D49A2D,Lorena Dias,salesvitor-hugo@example.org,GO,2024-02-27 20:54:24
25948E72,Josué Novais,marcelalima@example.com,SP,2024-01-17 09:20:16
8F23BAA7,Emilly Macedo,cecilia74@example.net,RJ,2025-04-16 22:18:04
15AC3337,Laura Rodrigues,aragaomaria-luisa@example.org,SP,2024-02-10 20:09:17
8FE85BB8,Isabella Moreira,pabreu@example.net,SC,2023-12-12 15:28:06
D875CC91,Luan da Cunha,mnovais@example.org,PR,2023-04-29 12:53:34
8306BB4A,Sr. Matheus Monteiro,sofia55@example.com,RJ,2023-12-31 14:03:45
393EE355,Calebe Brito,allanaalmeida@example.com,RS,2024-11-25 03:43:13
AD08EFCE,Ana Sophia Pinto,osales@example.net,RS,2023-07-13 20:34:35
ECEDFFFA,Yasmin Mendonça,castrojoao-vitor@example.com,RS,2024-11-23 19:41:33
7EE27134,Bruno Almeida,monteirohenrique@example.com,PE,2025-04-04 11:28:34
484A6A08,Jade Teixeira,rodrigo16@example.org,GO,2025-10-30 23:07:29
61136297,Cauê Abreu,brenomoura@example.com,MG,2025-07-25 11:39:53
328CC9E2,Maria Flor Leão,da-conceicaogustavo-henrique@example.com,SC,2024-03-29 17:23:15
342A7730,Anthony Gabriel Sales,anna-liz54@example.net,MG,2024-03-01 23:43:20
078C89ED,Ana Liz Mendes,gomeszoe@example.com,BA,2025-10-15 00:47:34
1100DE7B,Hellena Novaes,omacedo@example.com,GO,2025-05-03 04:39:37
2554C27C,Maria Liz Andrade,znogueira@example.org,RS,2025-07-21 03:54:49
A3496769,Enrico da Mata,apires@example.com,RJ,2023-12-25 17:17:31
531DB346,Allana da Luz,bmoreira@example.net,GO,2025-09-19 22:39:07
ADAA1FCA,Gustavo Henrique Ribeiro,bcassiano@example.org,PE,2024-05-25 22:49:29
F3163D1E,Lara Rios,fsales@example.net,RJ,2023-10-01 13:34:25
225E3D33,Caleb Melo,maria-alice85@example.org,SP,2023-11-19 23:10:02
C836CFF4,Olivia Sampaio,oliveirajulia@example.org,PE,2026-01-04 07:03:38
FA2824B3,Lunna Gomes,nda-luz@example.com,SP,2023-12-26 09:26:44
82913E90,Raquel Machado,fsales@example.org,RJ,2023-08-16 21:08:00
6250B65A,Kaique Viana,maria-eduardabarros@example.org,RS,2025-11-06 08:57:31
1A515651,Alícia Pacheco,vmoura@example.net,MG,2023-12-10 01:51:57
58B3A652,Vitória Peixoto,helena20@example.com,SC,2025-12-28 11:39:04
8AE59E9A,Brenda Pinto,ribeirodom@example.net,GO,2023-06-05 01:25:36
DA64240B,Lucas Sousa,portobella@example.net,GO,2026-03-19 11:32:55
3886DA6A,Maria Alice Sales,blima@example.net,RS,2026-01-07 20:26:46
E35F4DE7,Sabrina Santos,isabellagarcia@example.com,SC,2025-11-19 12:54:43
C091EAEC,Maria Pimenta,ana-luiza59@example.org,SP,2023-09-17 14:19:23
653A4AEE,Dr. Lucas Gabriel Farias,rafael55@example.net,MG,2025-12-07 15:28:28
1EFF8251,Mateus Montenegro,amandaferreira@example.org,SC,2023-10-22 22:56:17
5BA09EC4,Letícia Moreira,montenegromanuela@example.org,SP,2025-02-19 05:50:59
A65070E3,Sra. Letícia Aragão,emanuel28@example.com,SC,2025-04-03 05:32:59
CD3A4133,Pedro Lucas Câmara,arthur-gabrielsouza@example.org,BA,2026-01-13 16:50:56
C391D70C,Kevin Pastor,helenarodrigues@example.com,GO,2023-04-28 18:18:52
DE025C0C,Ana Clara Aparecida,jose25@example.org,BA,2023-07-15 11:56:04
C0221607,Emilly da Luz,da-cunhamaria-flor@example.org,SC,2023-07-11 15:27:49
199926F9,Mariane Caldeira,joaquimnunes@example.org,PE,2023-06-24 14:54:38
DF951116,Miguel Santos,albuquerquepaulo@example.net,GO,2023-08-26 08:27:15
72EEF5E6,Júlia Camargo,xbarros@example.org,MG,2024-10-20 02:08:08
C958976E,Maria Luiza Ribeiro,ofernandes@example.net,RS,2026-01-10 15:20:51
759FD096,Ian Carvalho,sborges@example.com,BA,2023-08-29 19:03:57
EC26A303,Daniel Lopes,novaeslavinia@example.net,RS,2023-10-02 21:27:02
5154F54F,Dr. Eduardo Abreu,carvalhoarthur-gabriel@example.org,SP,2025-10-16 15:53:47
DF5E14A4,Liam Nascimento,kevinpinto@example.net,CE,2023-12-07 20:35:02
83F5482B,Bianca Ramos,pedro-miguel37@example.org,PE,2025-02-04 04:31:15
0CE39142,Sabrina Fogaça,vitorazevedo@example.org,SP,2023-06-25 12:48:48
6A79DAC1,Danilo Cunha,monteirovalentina@example.org,PR,2025-01-28 12:58:51
27B9D4F8,Mariana Farias,da-luzclara@example.org,SP,2026-03-03 23:51:21
D2B44EA6,Melina Porto,zcardoso@example.org,SP,2023-11-23 07:56:04
82EEA549,João Montenegro,francisco71@example.org,CE,2024-04-20 16:26:02
DB7389DC,Carlos Eduardo Cavalcanti,qpinto@example.org,GO,2025-01-22 22:33:01
F81FD806,Srta. Clarice da Mota,iribeiro@example.net,PE,2025-04-01 10:42:11
7C56AB7D,Luiz Miguel Borges,das-nevesbrenda@example.org,PE,2023-12-15 19:43:22
6F9BA65F,Sra. Kamilly Barros,cavalcantitheodoro@example.net,MG,2023-09-11 03:39:13
9115B6F7,Elisa Almeida,manuelanunes@example.org,SP,2024-05-08 17:46:58
07DCD31F,Vicente Casa Grande,vianaesther@example.org,PE,2025-08-03 14:49:56
AFB1E34E,Pedro Henrique Siqueira,dmonteiro@example.net,RJ,2023-12-02 05:27:40
11FBF598,Luiza Almeida,clarice66@example.com,MG,2024-02-13 20:55:59
0FA98CE7,Diego Aragão,freitascaue@example.net,RJ,2025-10-26 02:13:33
C04EC773,João Pedro da Mota,machadonatalia@example.net,CE,2026-02-25 01:17:44
F557DDDF,Sr. Henry Brito,lunnapacheco@example.org,RJ,2025-08-29 07:23:45
36E97ACD,Rafael Santos,mariana01@example.org,RS,2025-10-25 02:40:52
2BE24524,Renan Duarte,lorenzo99@example.org,SC,2023-11-19 03:49:44
E3798ACC,Isaque Jesus,cassianoana-luiza@example.org,RJ,2025-01-09 05:53:46
602505DD,Matheus Azevedo,ana-livia56@example.org,CE,2024-11-07 00:41:18
2100088B,Ester Alves,albuquerquegustavo-henrique@example.net,RS,2025-06-22 03:03:03
B6848C06,Ágatha Azevedo,agatha92@example.net,CE,2024-10-09 09:31:51
68AF3EB7,Sr. Levi Sá,maria-liz48@example.org,CE,2026-03-20 16:42:13
FD89CA4B,Arthur Correia,pastormaria-luiza@example.com,SP,2026-02-06 08:24:09
2728885D,Giovanna Brito,heloisa17@example.org,CE,2023-06-11 03:14:57
5EDD00C7,Ana Júlia da Rocha,arthur-miguel35@example.net,RJ,2025-05-17 19:18:01
0FC4A284,Luiza Cardoso,gguerra@example.net,SC,2025-10-13 17:02:51
E93F2452,Eduarda Cassiano,kmarques@example.com,CE,2024-11-24 05:22:23
362C338C,Maria Vitória da Luz,nazevedo@example.org,CE,2025-11-04 01:08:46
74CB5655,Benjamim Borges,silveiraisabella@example.net,PE,2025-06-12 10:34:35
55A91FF8,Isabelly da Cruz,pastorana-vitoria@example.net,PR,2023-06-22 22:01:14
2F2CDC5F,Maria Júlia Correia,sabrina24@example.net,BA,2025-11-11 20:47:06
463CB5B5,Sra. Maria Fernanda Carvalho,rnunes@example.com,RS,2023-11-20 17:35:34
6CDFE08F,Gabriela Souza,gael41@example.net,PR,2023-12-31 10:27:06
4C5306C4,Davi Luiz Rezende,vsantos@example.org,RS,2023-11-30 04:50:08
DC0F293A,Lorenzo Câmara,davi-lucas59@example.org,BA,2024-02-05 03:50:31
48397BE6,Kaique Macedo,ncasa-grande@example.org,SC,2024-06-29 04:31:15
77E7698F,Augusto Vieira,mendesjoao-gabriel@example.org,MG,2024-01-02 23:28:06
96D994F6,Bella Macedo,hnogueira@example.com,BA,2025-07-30 13:35:20
13633731,Erick Campos,mcastro@example.org,GO,2024-06-26 14:44:48
8DAC8E49,Rhavi Silva,yoliveira@example.org,PR,2025-12-05 14:56:02
479C3183,Eloah Duarte,brocha@example.org,RJ,2025-02-25 22:25:27
A4A0DE75,Apollo Câmara,novaisnicolas@example.org,SP,2024-03-21 15:41:52
1C2C4948,Mariah Moura,valentina70@example.net,GO,2024-01-13 13:07:37
6D8FA006,Srta. Maria Eduarda Porto,pintomaria-isis@example.net,CE,2025-06-27 01:08:14
59B761A6,Srta. Elisa Santos,ana-laura89@example.org,CE,2024-07-05 03:51:06
C2C7AC9F,Heloisa Carvalho,mendoncacaue@example.com,RJ,2024-07-20 20:10:07
CBB02B45,Bruno Lopes,barrosluiz-otavio@example.com,RJ,2024-04-05 05:45:36
70BA4A73,Arthur Gabriel Almeida,wcamara@example.net,PE,2025-12-04 09:40:28
50016162,Alana Mendonça,alexandresousa@example.org,RS,2025-08-08 02:45:48
A70F22A9,Ana Liz Oliveira,gaelsilveira@example.org,PE,2024-01-08 23:55:37
E90CB3DC,Juliana Mendes,giovannada-rocha@example.org,BA,2025-02-20 21:46:01
16D51E44,Bento Fonseca,carolinarocha@example.net,MG,2024-09-27 00:14:43
1FA348FE,Cauã Ramos,joao-vitorcamargo@example.net,PR,2023-11-18 15:40:54
50AB16CB,Lavínia Sá,fernandesotavio@example.org,RJ,2024-08-05 11:05:30
8936B041,Luísa Costela,ucassiano@example.org,RS,2024-07-29 13:01:00
84462961,Lunna Brito,zsales@example.org,PR,2025-10-23 18:30:17
2A23ACB8,Caio Freitas,jesusbreno@example.com,BA,2023-07-18 07:20:10
BEC08034,Pedro Lucas Abreu,mayada-paz@example.net,MG,2023-09-09 12:05:01
FDFD54D9,Sofia Abreu,ana-beatrizda-luz@example.com,GO,2025-12-05 23:03:00
72987C8D,Renan Almeida,varaujo@example.org,PE,2026-03-10 11:08:30
2F63D538,Carlos Eduardo Pacheco,onogueira@example.net,BA,2025-02-21 16:47:03
3056DB80,Arthur da Rocha,rodriguesisabela@example.org,CE,2025-10-09 20:44:35
7F1943B7,Enzo Gabriel Costa,maysacarvalho@example.com,PE,2024-01-24 14:25:20
50D9488F,Lorena Lima,carolina98@example.net,SP,2025-05-18 00:20:46
5D241861,Henry da Cunha,limaleo@example.org,PE,2024-01-15 12:59:15
71422632,Dra. Letícia das Neves,enricoleao@example.net,BA,2026-03-14 13:26:21
CF9E4C0D,Sra. Maria Sophia Souza,diogoalves@example.com,RJ,2025-12-24 11:33:12
5EFBB71A,Fernanda Nogueira,anthony-gabriel91@example.org,MG,2023-11-01 06:06:19
7A582466,Vitor Rodrigues,stella97@example.org,BA,2023-12-18 15:47:36
62D59AC6,Ravi Lucca Fogaça,pintobianca@example.org,RJ,2023-11-01 14:51:38
8BD4AB7D,Sra. Sophia Moura,gabrielasouza@example.org,RJ,2023-06-04 20:34:25
FBA6BFED,Nina Santos,marianecavalcante@example.net,PE,2025-05-29 09:32:56
00B2CD62,Dra. Bárbara Pires,limavitoria@example.net,MG,2023-07-09 17:10:03
B3B4906C,Evelyn Nogueira,da-rosamateus@example.org,BA,2023-09-14 01:02:18
9F6FBBA1,Liam Farias,gustavo70@example.org,BA,2023-08-25 09:04:41
3BF26CB7,Alice Lima,ycamara@example.org,CE,2025-09-07 11:53:55
D9AA775D,Srta. Maya da Mota,anthony-gabriel07@example.net,RS,2025-12-23 23:11:50
ACBBC41D,Levi da Conceição,caleberios@example.org,PR,2023-06-23 02:19:12
FC97B6BE,Sra. Ana Julia Aparecida,saeduardo@example.org,RS,2023-07-10 02:28:27
C05E46C7,Dante Ramos,alexia78@example.net,BA,2024-07-01 05:19:12
F54C44FA,Sr. Antony Pires,bda-mota@example.com,PE,2025-06-09 06:36:36
2A922016,Isabelly Dias,carlos-eduardofarias@example.com,GO,2025-12-13 11:28:18
6EB8A48B,Eduardo Garcia,barbosakevin@example.com,BA,2024-09-26 14:16:49
1FEBD9F4,Maria Laura das Neves,josuefreitas@example.com,SP,2024-01-02 22:35:13
B3D8E6E4,Juliana Pires,vinicius14@example.com,RJ,2023-10-21 16:11:32
DC8470ED,Maitê Abreu,ferreirajoaquim@example.com,SC,2025-03-13 15:23:19
74B83F7C,Elisa da Costa,pastorgiovanna@example.org,BA,2025-03-28 11:28:48
48243CDA,Lucca Duarte,ffarias@example.net,SP,2023-05-29 21:39:53
B1A55E4E,Mariana Cunha,evelynoliveira@example.com,SP,2023-12-06 20:05:08
08F33170,Dr. Luiz Miguel Carvalho,asousa@example.org,PR,2024-08-16 06:18:08
B7101B5F,Luiz Henrique da Costa,cavalcantivinicius@example.com,MG,2025-11-04 06:34:29
A4C99CC4,Augusto Silva,dnogueira@example.com,BA,2025-12-12 00:57:28
C033DA54,Ana Vitória da Costa,cardosoana-julia@example.net,MG,2024-04-26 15:16:24
0836284C,Sr. Asafe Freitas,maria-isiscamargo@example.net,GO,2023-10-12 01:18:31
5B676A98,Ana Vitória Viana,tcostela@example.org,PE,2025-06-03 18:55:18
615A22E9,Isadora da Cunha,da-cruzluiz-fernando@example.com,SC,2025-05-06 19:59:09
14B28758,Mathias Fogaça,theo44@example.org,PE,2023-04-17 04:10:42
2C148597,Mathias Costa,marina31@example.org,SP,2026-01-19 11:34:33
A7DBEAA4,João Felipe Novais,eduarda23@example.net,RJ,2024-06-29 10:06:02
6C6B958F,Brenda da Luz,slopes@example.org,RJ,2023-10-21 15:02:02
7D02FA8B,Ian Almeida,luanaparecida@example.com,MG,2025-08-13 02:45:01
90B365F2,João Felipe Pimenta,zda-mota@example.org,PE,2024-11-14 15:08:12
A10DD330,Maitê da Cruz,oalves@example.net,SP,2025-08-29 16:28:22
E8ADEF6A,Dra. Stella da Rosa,rochaluan@example.net,PR,2025-03-02 08:10:49
3ECF286D,Maria Cecília Borges,zcardoso@example.com,CE,2023-11-06 04:57:37
4FBFBC32,Lara Farias,sarahdias@example.com,PE,2026-02-20 20:59:28
2F23957A,Gabriel Aragão,da-conceicaomatheus@example.com,MG,2025-09-26 09:19:02
032DCDC9,Henry Ferreira,heloisa08@example.net,SC,2024-04-15 12:40:10
9A3D4433,José Pedro Mendonça,fernandesmaite@example.com,MG,2025-07-21 03:38:04
FEDB56D2,Laura Sampaio,castrojose@example.org,SP,2024-09-01 03:06:07
56ED5BE5,Melina Macedo,brenosiqueira@example.net,BA,2026-02-20 20:23:10
A898B93C,Bruna Leão,natalia41@example.net,PR,2024-06-22 20:03:33
6ACE189D,Théo Viana,piresleonardo@example.com,SP,2025-02-17 01:53:31
471F7448,Ana Liz Sousa,zlopes@example.com,PR,2025-08-21 03:12:37
80C6259C,Antônio Nogueira,albuquerqueclarice@example.org,RS,2024-12-15 07:26:03
2B1BDFC9,Levi Teixeira,juanferreira@example.org,RS,2024-04-28 20:54:41
D0A7D25F,Luiz Miguel Pastor,gdias@example.net,RJ,2024-12-14 08:06:42
A5957C93,Augusto da Cruz,alveslaura@example.net,PR,2025-01-24 00:20:27
74DB0722,Sra. Larissa Mendes,pimentaaugusto@example.com,PE,2024-11-07 14:13:09
AD43AD72,Cecília Nunes,pietrabarbosa@example.com,SC,2026-02-05 05:43:28
5B3F669A,Melina Correia,catarina13@example.org,CE,2025-02-28 15:08:14
7A094541,Bárbara Sales,qda-mota@example.net,MG,2024-10-11 09:35:15
1654D8E3,Cecília Dias,brayan20@example.org,RS,2024-03-20 03:31:45
07D13361,Esther Campos,macedomariana@example.com,MG,2025-06-23 06:14:44
A8D98802,Anna Liz Casa Grande,isadora85@example.org,MG,2025-09-22 01:08:46
1DA5DDB9,Sr. Rael Abreu,fernandofonseca@example.org,SC,2026-02-22 13:10:45
A5F74FF5,Srta. Sophie Carvalho,benjaminpires@example.com,SP,2023-04-16 12:21:32
858682FB,Otto Câmara,vfreitas@example.org,MG,2025-06-22 02:44:07
64315472,Sr. João Miguel Azevedo,vicente90@example.net,PR,2024-01-17 22:52:54
7F0A5592,Benjamin Duarte,vieiramaria-laura@example.net,SC,2024-10-26 02:05:28
42F25660,Ana Laura Moraes,isabela97@example.net,RS,2024-12-21 03:44:31
971A3278,Kamilly da Cunha,maria-ceciliasilveira@example.com,BA,2025-04-21 12:07:30
4947D437,Lucca Fogaça,sousajoana@example.org,MG,2023-05-18 20:28:00
1A126632,Pedro Henrique Oliveira,ana-sophia62@example.net,RJ,2024-06-05 15:16:08
61FDD257,Milena Moreira,da-rosabruno@example.com,SC,2025-08-09 12:22:53
BCC622C4,Dr. Thiago Macedo,davi-lucasmachado@example.org,SP,2024-06-03 11:13:48
46446445,Maya Lopes,uda-conceicao@example.net,GO,2025-06-11 03:08:44
8007E560,Dra. Elisa Cavalcanti,ana-liz04@example.net,RS,2025-06-13 06:22:16
D7979367,Gabriela Moraes,zda-conceicao@example.org,RS,2024-06-24 16:46:11
FB0D2F29,Juliana Moreira,fariasbella@example.org,GO,2026-02-27 04:29:33
246610D8,José Pedro Câmara,marcos-viniciusazevedo@example.net,PR,2023-06-18 10:29:04
1A0BE576,Otávio Sá,lorenalima@example.com,BA,2024-03-03 16:11:17
CA6D5694,Sr. Gael Henrique Ramos,sarah97@example.net,RS,2026-03-29 07:11:39
6D541EA9,Luiza Aparecida,arthur25@example.net,RS,2024-06-16 02:16:33
24C66978,Zoe Machado,nguerra@example.net,SP,2025-11-24 04:13:54
860B8255,Theo Almeida,wnovais@example.com,RS,2023-07-28 21:01:22
2C57A2E4,Guilherme Nogueira,pimentapedro@example.org,SC,2025-03-13 04:31:08
B88A4EE0,Luan Fonseca,bianca66@example.net,PR,2025-07-22 09:48:55
ED0EBF2A,Josué Guerra,carlos-eduardo64@example.org,BA,2025-03-04 00:10:13
31E7A655,Henry Borges,guilherme17@example.org,RJ,2023-12-21 22:51:49
32257333,Heitor Cavalcante,carolina47@example.com,BA,2024-02-20 18:07:53
D74CC506,Cecilia Souza,maite00@example.net,PR,2025-05-29 20:12:03
B0E23448,Rafael Cassiano,yuri09@example.net,PE,2025-01-18 21:43:36
5207B9EF,Francisco Sampaio,vitor-gabrielcavalcante@example.org,SC,2025-10-08 11:37:15
CCEC92DF,Yan da Luz,eloahmoreira@example.com,PE,2024-03-03 11:39:22
A199CC9D,Dr. João Vitor Cirino,arthur-miguel54@example.com,PR,2024-01-03 17:04:05
E29ED6B5,Heloísa Aragão,liam84@example.com,SP,2025-08-23 10:58:48
02F73328,Dra. Eloá Correia,viananatalia@example.net,RJ,2025-04-09 10:17:47
07AE845B,Davi Lucas Fogaça,gcarvalho@example.net,BA,2025-07-07 12:09:57
03621D6C,Srta. Isabella Costela,sophiecasa-grande@example.com,MG,2024-04-10 03:40:24
BCA45D72,Dra. Caroline Machado,alvesjoao-lucas@example.org,CE,2025-02-12 23:39:00
F3691274,Erick Rodrigues,jose-miguelda-mata@example.org,BA,2024-01-11 12:56:37
A34065EF,Dr. Rael Casa Grande,gabrielapimenta@example.com,SP,2025-05-06 19:05:00
A9486168,Leonardo da Paz,cardosorodrigo@example.org,RJ,2024-01-24 19:32:07
9CBFB2BE,Srta. Bella Porto,maria-eduardacunha@example.net,CE,2025-02-08 15:12:56
F9DFC502,Rael Leão,olivercastro@example.com,SC,2025-05-12 22:20:37
0C438C17,Ana Cecília Novaes,fmendonca@example.org,PR,2025-06-19 22:26:40
00CCF6C7,Henrique Rodrigues,cavalcantepaulo@example.net,PR,2024-02-10 14:09:40
027C1072,Ester Lima,pereirajade@example.net,SC,2026-03-15 16:32:33
7AAA6622,Sr. Eduardo Leão,ribeiroenzo-gabriel@example.net,CE,2024-07-26 07:29:14
DF3A94D3,Nathan Cunha,luiz-gustavo62@example.com,PE,2026-03-11 14:04:53
3DF18150,Sra. Letícia Jesus,camilagarcia@example.net,RJ,2023-08-01 19:40:52
8BEF4F1D,João Gabriel da Rosa,araujoaylla@example.org,SC,2024-11-19 22:54:51
0148CB2C,Ravi Lucca Santos,gpinto@example.org,CE,2023-09-08 18:41:41
5F2FC449,Benicio Sampaio,luanamelo@example.net,RS,2024-06-28 04:45:28
A2DB22E0,Sr. Ravi Lucca Ferreira,palbuquerque@example.org,BA,2025-01-16 12:03:22
3CB33039,Oliver Barros,gnovaes@example.org,SP,2025-09-28 16:58:41
F09968B9,Antonella Vargas,alvesmaria-luiza@example.net,SC,2023-04-16 16:23:16
F2C26614,Isaac Jesus,gfonseca@example.net,SP,2024-06-01 23:31:11
74DCB4D7,Dom Ramos,maria-liz20@example.org,PE,2023-06-21 00:08:46
0F157600,Kevin Sales,britojoao-pedro@example.org,PE,2025-10-03 10:36:20
DD6B9997,Rodrigo Freitas,melolaura@example.com,RS,2025-09-14 13:52:17
2106D078,Asafe Melo,henriqueramos@example.net,PR,2024-05-23 08:38:55
5BC9B1A1,Hellena Pacheco,otaviopimenta@example.net,SC,2024-02-29 21:35:40
624FF3A8,Dr. Nicolas da Costa,laviniada-rosa@example.com,RJ,2024-08-22 18:49:12
CB108F1B,Letícia Farias,cassianoluan@example.com,PR,2023-04-12 15:42:59
5B0B6B2A,Srta. Eloá Costa,juliana18@example.com,CE,2023-05-17 19:15:21
DDF78D00,Daniel da Costa,maria-cecilia35@example.com,PR,2025-06-03 07:06:21
D89B17FD,Bianca Cirino,rhavicamara@example.com,RJ,2025-01-14 10:15:55
A52A85D2,Joaquim Fogaça,estergoncalves@example.org,BA,2025-02-22 12:18:28
2375C213,Liam Pires,cassianomaria-eduarda@example.org,PE,2024-12-31 15:19:34
BF9755F2,Maria Liz da Cruz,miguel53@example.org,BA,2025-05-27 19:44:15
8BCB0642,Cecília Farias,cbrito@example.org,SC,2023-05-13 13:24:48
8B5D3E74,Kamilly Oliveira,nicoleribeiro@example.net,PR,2024-11-05 04:36:26
E3F01A13,João Vitor Martins,qaragao@example.org,SC,2025-08-27 22:59:23
98284A4A,Theodoro Sá,emanuellamacedo@example.com,BA,2023-05-25 12:22:20
AD93C1DE,Caio Rios,xteixeira@example.net,PE,2025-08-07 23:20:14
87503014,Clara Caldeira,hellenada-costa@example.net,MG,2023-08-21 02:51:32
385229E2,Ana Cecília Azevedo,luisacavalcanti@example.com,RS,2024-11-27 17:08:08
F0087A73,Dom Novais,das-nevespaulo@example.net,SC,2024-09-13 01:39:20
645F022D,Emanuel Santos,qnogueira@example.com,SC,2024-08-17 05:16:15
18A79831,Pedro Lucas Azevedo,jlima@example.net,MG,2026-03-16 02:24:36
70001B89,Levi Araújo,cassianomirella@example.net,CE,2025-01-20 12:13:17
DE181758,Mariah Cassiano,da-costaemilly@example.com,CE,2024-07-22 09:59:15
20BB3CC8,Ana Sá,meloana-beatriz@example.com,BA,2024-03-29 08:42:19
C877E5C0,Joana Leão,henry04@example.net,SC,2023-09-13 12:59:25
8A369489,Maya Aragão,augusto32@example.org,PE,2024-02-23 02:50:01
ACE86964,Hadassa Brito,limamaria-luisa@example.org,SP,2025-11-05 23:49:16
2BC1882F,Sr. Enzo Gabriel Silveira,benjamim64@example.org,BA,2024-02-12 02:42:20
2F3A668F,Amanda Pereira,ian82@example.net,BA,2024-03-21 19:32:51
97D3A2B3,Breno Freitas,xcasa-grande@example.net,RS,2024-04-14 12:30:27
51800DA8,Otávio Viana,britojoaquim@example.net,SC,2025-04-03 16:19:57
C40E3DB1,Rodrigo Novaes,heitorguerra@example.com,CE,2026-03-03 15:30:04
B4FC1C9C,Marcos Vinicius Nunes,cecilia75@example.net,CE,2024-01-22 12:20:31
193CE6D1,Cauã Pimenta,ecarvalho@example.net,PR,2023-10-24 15:06:17
E7D527F6,Anna Liz Machado,samuel29@example.net,GO,2024-08-11 23:11:36
2FAD75B8,João Guilherme da Paz,jose-pedrocassiano@example.net,GO,2025-01-01 07:54:29
1BE2FDF8,Dra. Marcela Pereira,aliceramos@example.net,GO,2023-09-08 20:37:57
49B96E05,Arthur Gabriel Siqueira,da-motahenrique@example.com,RS,2025-04-01 16:05:28
DA59487F,Kamilly Pires,natalia68@example.net,PE,2026-03-10 00:05:21
FC8FAED0,Maria Luiza Novaes,rezendeagatha@example.org,GO,2024-05-07 12:42:47
